City_ID,City,Country,Date,Lat,Lng,Max Temp,Humidity,Cloudiness,Wind Speed
0,Hobart,AU,2021-10-12 18:00:05,-42.8794,147.3294,48.25,76,40,8.05
1,Talnakh,RU,2021-10-12 18:01:42,69.4865,88.3972,17.44,96,98,6.64
2,Rikitea,PF,2021-10-12 18:01:26,-23.1203,-134.9692,73.98,75,47,12.44
3,East London,ZA,2021-10-12 18:01:43,-33.0153,27.9116,65.34,88,75,4.61
4,Bathsheba,BB,2021-10-12 18:02:13,13.2167,-59.5167,84.6,72,80,14.92
5,Rock Sound,BS,2021-10-12 18:04:13,24.9,-76.2,82.22,72,98,6.85
6,Mahebourg,MU,2021-10-12 18:03:01,-20.4081,57.7,74.25,83,5,3.91
7,Lisakovsk,KZ,2021-10-12 18:08:48,52.5369,62.4936,48.34,60,100,7.05
8,Padang,ID,2021-10-12 18:01:50,-0.9492,100.3543,77.11,79,100,3.8
9,Parrita,CR,2021-10-12 18:08:48,9.5201,-84.3225,93.52,74,29,6.76
10,Lewistown,US,2021-10-12 18:08:49,40.5992,-77.5714,68.25,88,90,0.0
11,Lambarene,GA,2021-10-12 18:08:49,-0.7001,10.2406,75.74,95,90,3.33
12,Puerto Escondido,MX,2021-10-12 18:04:35,15.85,-97.0667,88.63,62,20,10.36
13,Guerrero Negro,MX,2021-10-12 18:05:01,27.9769,-114.0611,69.49,51,0,19.39
14,Atuona,PF,2021-10-12 18:01:22,-9.8,-139.0333,78.19,71,17,18.7
15,Agadir,MA,2021-10-12 18:08:49,30.4202,-9.5982,72.05,73,1,8.21
16,Ushuaia,AR,2021-10-12 18:00:12,-54.8,-68.3,54.07,51,90,12.17
17,Tiarei,PF,2021-10-12 18:08:50,-17.5333,-149.3333,82.42,80,84,16.37
18,Jamestown,US,2021-10-12 17:59:42,42.097,-79.2353,77.02,66,20,8.01
19,Ribeira Grande,PT,2021-10-12 18:04:31,38.5167,-28.7,73.8,64,20,9.22
20,Vaini,TO,2021-10-12 18:01:52,-21.2,-175.2,71.92,61,23,11.81
21,Cabo San Lucas,MX,2021-10-12 18:03:01,22.8909,-109.9124,83.52,83,40,10.36
22,Victoria,HK,2021-10-12 18:00:05,22.2855,114.1577,75.33,86,100,7.0
23,Edzell,GB,2021-10-12 18:08:50,56.8095,-2.6549,51.53,94,96,4.43
24,Fortuna,US,2021-10-12 18:01:44,40.5982,-124.1573,53.85,65,1,1.01
25,Verkhnevilyuysk,RU,2021-10-12 18:01:34,63.4453,120.3167,22.6,77,100,10.47
26,Tuatapere,NZ,2021-10-12 18:01:20,-46.1333,167.6833,41.54,84,100,6.06
27,Arraial Do Cabo,BR,2021-10-12 18:04:13,-22.9661,-42.0278,66.06,94,90,17.27
28,Port Alfred,ZA,2021-10-12 18:04:09,-33.5906,26.891,64.04,86,79,2.24
29,Luancheng,CN,2021-10-12 18:08:51,37.8792,114.6517,58.17,49,94,2.77
30,Mataura,NZ,2021-10-12 18:01:27,-46.1927,168.8643,40.19,88,100,6.06
31,Emporia,US,2021-10-12 18:06:24,38.4039,-96.1817,75.4,33,1,20.71
32,Makokou,GA,2021-10-12 18:07:43,0.5738,12.8642,74.41,89,100,2.37
33,Cape Town,ZA,2021-10-12 18:02:15,-33.9258,18.4232,66.34,73,100,1.01
34,La Ligua,CL,2021-10-12 18:08:52,-32.4524,-71.2311,60.58,48,100,10.49
35,Zlutice,CZ,2021-10-12 18:08:52,50.0919,13.163,46.09,89,99,5.14
36,Puerto Colombia,CO,2021-10-12 18:08:52,10.9878,-74.9547,89.69,73,83,10.56
37,Ponta Do Sol,PT,2021-10-12 18:04:16,32.6667,-17.1,75.13,71,40,4.85
38,Chokurdakh,RU,2021-10-12 18:01:28,70.6333,147.9167,16.25,92,100,8.61
39,Torbay,CA,2021-10-12 18:00:55,47.6666,-52.7314,49.28,91,90,14.97
40,Temir,KZ,2021-10-12 18:08:53,49.1414,57.13,46.99,54,35,8.72
41,Albany,US,2021-10-12 18:00:17,42.6001,-73.9662,76.68,65,87,1.01
42,Hermanus,ZA,2021-10-12 18:01:23,-34.4187,19.2345,62.91,88,100,2.71
43,Crestview,US,2021-10-12 18:08:54,30.7621,-86.5705,87.91,59,75,4.0
44,Bluff,NZ,2021-10-12 18:01:10,-46.6,168.3333,44.58,72,100,20.49
45,Kapaa,US,2021-10-12 17:57:24,22.0752,-159.319,80.58,80,68,8.01
46,Qaanaaq,GL,2021-10-12 18:01:25,77.484,-69.3632,27.12,95,97,5.75
47,El Sauzal,MX,2021-10-12 18:04:18,31.9,-116.6833,63.14,39,0,12.64
48,Flinders,AU,2021-10-12 18:06:39,-34.5833,150.8552,59.2,87,99,1.01
49,Itarema,BR,2021-10-12 18:02:45,-2.9248,-39.9167,85.59,60,54,20.07
50,Busselton,AU,2021-10-12 18:01:29,-33.65,115.3333,46.04,74,97,4.85
51,Kamaishi,JP,2021-10-12 18:08:54,39.2667,141.8833,60.22,83,100,9.24
52,Asfi,MA,2021-10-12 18:08:55,32.2994,-9.2372,68.68,78,6,5.32
53,Puerto Ayora,EC,2021-10-12 18:04:20,-0.7393,-90.3518,78.76,84,68,5.99
54,Sao Felix Do Xingu,BR,2021-10-12 18:00:41,-6.6447,-51.995,92.88,44,57,2.59
55,Joinville,BR,2021-10-12 18:08:55,-26.3044,-48.8456,74.1,87,100,4.0
56,Pampas,PE,2021-10-12 18:08:56,-12.4,-74.9,67.84,34,9,9.08
57,Gushi,CN,2021-10-12 18:08:56,34.6425,109.5843,53.67,79,5,2.51
58,Udankudi,IN,2021-10-12 18:08:56,8.4333,78.0167,82.69,64,100,9.75
59,Mega,ET,2021-10-12 18:08:56,4.05,38.3,68.02,50,99,13.27
60,Punta Arenas,CL,2021-10-12 18:02:28,-53.15,-70.9167,53.46,47,100,13.71
61,Quatre Cocos,MU,2021-10-12 18:05:58,-20.2078,57.7625,74.08,83,2,3.38
62,Constitucion,CL,2021-10-12 18:02:13,-35.3333,-72.4167,58.17,68,86,7.61
63,Yellowknife,CA,2021-10-12 18:00:29,62.456,-114.3525,40.41,87,75,13.8
64,Fengrun,CN,2021-10-12 18:08:57,39.8333,118.1167,49.75,64,17,1.57
65,Hilo,US,2021-10-12 18:01:45,19.7297,-155.09,76.73,93,90,4.61
66,Tigil,RU,2021-10-12 18:08:57,57.8,158.6667,34.03,87,98,11.3
67,Isla Vista,US,2021-10-12 18:08:58,34.4133,-119.861,70.79,22,1,5.99
68,Bredasdorp,ZA,2021-10-12 18:01:33,-34.5322,20.0403,62.28,89,100,3.15
69,Saint-Philippe,RE,2021-10-12 18:01:35,-21.3585,55.7679,72.99,90,63,5.5
70,Babstovo,RU,2021-10-12 18:07:00,48.1167,132.4833,43.16,69,0,3.87
71,Havre-Saint-Pierre,CA,2021-10-12 18:07:12,50.2334,-63.5986,56.48,87,92,7.23
72,Constantine,DZ,2021-10-12 18:02:40,36.365,6.6147,59.86,71,98,5.61
73,Matara,LK,2021-10-12 18:03:59,5.9485,80.5353,79.41,85,81,12.17
74,Luderitz,NA,2021-10-12 18:06:57,-26.6481,15.1594,63.21,67,50,1.97
75,Kodiak,US,2021-10-12 18:01:37,57.79,-152.4072,41.09,75,85,7.31
76,Presidencia Roque Saenz Pena,AR,2021-10-12 18:08:59,-26.7852,-60.4388,93.74,25,74,7.11
77,Yarovoye,RU,2021-10-12 18:08:59,52.9273,78.58,34.38,67,99,12.8
78,Muravlenko,RU,2021-10-12 18:06:13,63.7898,74.523,28.49,66,99,11.86
79,Georgetown,MY,2021-10-12 17:57:00,5.4112,100.3354,82.35,87,20,0.0
80,Linxia,CN,2021-10-12 18:08:59,35.6003,103.2064,49.62,69,100,0.54
81,Esperance,AU,2021-10-12 18:02:11,-33.8667,121.9,55.35,71,100,22.7
82,Provideniya,RU,2021-10-12 18:01:57,64.3833,-173.3,28.78,86,99,9.08
83,Buraydah,SA,2021-10-12 18:09:00,26.326,43.975,86.09,14,3,12.5
84,Hithadhoo,MV,2021-10-12 18:01:42,-0.6,73.0833,83.1,75,84,16.64
85,Valkeakoski,FI,2021-10-12 18:09:00,61.2642,24.0312,45.43,74,100,2.15
86,Komsomolskiy,UZ,2021-10-12 18:01:55,40.4272,71.7189,49.42,61,0,6.91
87,Cherskiy,RU,2021-10-12 18:02:47,68.75,161.3,-4.74,100,36,3.13
88,Norman Wells,CA,2021-10-12 18:04:24,65.282,-126.8329,30.87,88,91,10.49
89,Dingle,PH,2021-10-12 18:01:36,10.9995,122.6711,76.33,89,100,6.38
90,Ozernovskiy,RU,2021-10-12 18:07:36,51.5,156.5167,44.92,77,17,17.92
91,Nikolskoye,RU,2021-10-12 18:03:19,59.7035,30.7861,46.87,78,48,7.34
92,Pevek,RU,2021-10-12 18:01:26,69.7008,170.3133,15.44,91,89,4.03
93,Codrington,AU,2021-10-12 18:02:31,-38.2667,141.9667,54.79,70,64,16.2
94,Bambous Virieux,MU,2021-10-12 18:01:22,-20.3428,57.7575,74.21,83,1,3.47
95,Faya,SA,2021-10-12 18:06:08,18.3851,42.4509,68.52,19,57,10.94
96,Diamantino,BR,2021-10-12 18:07:24,-14.4086,-56.4461,96.1,37,98,3.04
97,Usinsk,RU,2021-10-12 18:06:53,65.9939,57.5281,35.73,96,100,13.04
98,Poddorye,RU,2021-10-12 18:09:02,57.4695,31.1156,45.61,76,100,5.08
99,Tautira,PF,2021-10-12 18:03:52,-17.7333,-149.15,82.42,79,78,18.48
100,Lebu,CL,2021-10-12 18:01:27,-37.6167,-73.65,57.2,75,21,7.56
101,Mar Del Plata,AR,2021-10-12 18:00:30,-38.0023,-57.5575,64.99,47,63,8.01
102,Carnarvon,AU,2021-10-12 18:02:19,-24.8667,113.6333,65.16,47,0,23.17
103,Plettenberg Bay,ZA,2021-10-12 18:05:56,-34.0527,23.3716,60.55,71,100,2.64
104,Bengkulu,ID,2021-10-12 18:01:45,-3.8004,102.2655,75.18,92,86,3.69
105,Tornio,FI,2021-10-12 18:09:03,65.8481,24.1466,41.02,92,100,6.04
106,Lampazos De Naranjo,MX,2021-10-12 18:09:03,27.0167,-100.5167,93.42,44,35,7.52
107,Upernavik,GL,2021-10-12 18:03:42,72.7868,-56.1549,34.36,99,100,17.09
108,Mariental,NA,2021-10-12 18:09:04,-24.6333,17.9667,85.77,10,30,11.81
109,Mildura,AU,2021-10-12 18:01:26,-34.2,142.15,55.08,77,0,16.35
110,Teya,RU,2021-10-12 18:09:04,60.3778,92.6267,26.76,67,100,1.61
111,Yulara,AU,2021-10-12 18:06:11,-25.2406,130.9889,60.64,20,0,14.97
112,Ilulissat,GL,2021-10-12 18:02:37,69.2167,-51.1,30.22,74,75,3.44
113,Taoudenni,ML,2021-10-12 18:03:45,22.6783,-3.9836,97.92,7,48,5.26
114,Lata,PT,2021-10-12 18:09:05,40.1629,-8.3327,71.04,42,0,4.41
115,Cockburn Town,TC,2021-10-12 18:07:16,21.4612,-71.1419,82.65,76,99,18.16
116,Atbasar,KZ,2021-10-12 18:09:05,51.8,68.3333,40.93,70,27,9.08
117,Gardez,AF,2021-10-12 18:09:05,33.5974,69.2259,48.04,14,0,0.94
118,Turukhansk,RU,2021-10-12 18:02:33,65.8167,87.9833,22.53,81,31,1.97
119,Magdagachi,RU,2021-10-12 18:09:06,53.45,125.8,39.18,91,100,4.52
120,Erdemli,TR,2021-10-12 18:09:06,36.605,34.3084,73.42,68,7,4.97
121,Saint-Georges,GD,2021-10-12 18:07:57,12.0564,-61.7485,85.35,71,9,11.7
122,Aklavik,CA,2021-10-12 18:07:57,68.2191,-135.0107,23.0,93,75,8.05
123,Hirara,JP,2021-10-12 18:09:07,24.8,125.2833,80.82,85,94,28.79
124,Avarua,CK,2021-10-12 18:01:30,-21.2078,-159.775,75.25,88,75,11.5
125,Botwood,CA,2021-10-12 18:09:07,49.1499,-55.3482,50.9,91,99,11.68
126,Gryazi,RU,2021-10-12 18:09:07,52.4966,39.9359,53.62,59,100,11.03
127,Katsuura,JP,2021-10-12 18:01:47,35.1333,140.3,68.02,90,100,18.86
128,General Pico,AR,2021-10-12 18:04:19,-35.6566,-63.7568,80.87,33,50,8.68
129,Tuktoyaktuk,CA,2021-10-12 18:01:21,69.4541,-133.0374,25.93,83,11,16.11
130,Chuy,UY,2021-10-12 18:02:09,-33.6971,-53.4616,69.66,70,46,6.33
131,Sinnamary,GF,2021-10-12 18:03:17,5.3833,-52.95,86.4,66,92,11.16
132,Venado,MX,2021-10-12 18:09:08,22.9333,-101.0833,76.69,51,14,6.35
133,Souillac,MU,2021-10-12 18:01:49,-20.5167,57.5167,74.35,83,17,4.61
134,Kushiro,JP,2021-10-12 18:09:09,42.975,144.3747,47.08,89,5,5.39
135,Tilichiki,RU,2021-10-12 18:01:27,60.4667,166.1,19.13,71,24,5.61
136,Terrace,CA,2021-10-12 18:09:09,54.5163,-128.6035,41.43,100,100,3.67
137,Beidao,CN,2021-10-12 18:09:09,34.5686,105.8933,49.33,95,100,0.6
138,Natal,BR,2021-10-12 18:02:08,-5.795,-35.2094,84.2,54,51,13.94
139,Presidente Medici,BR,2021-10-12 18:09:10,-11.1753,-61.9014,98.87,30,66,2.84
140,Beringovskiy,RU,2021-10-12 18:02:55,63.05,179.3167,17.46,88,53,13.87
141,Hulan,CN,2021-10-12 18:09:10,45.9833,126.6,47.44,65,28,6.85
142,Pindwara,IN,2021-10-12 18:09:10,24.8,73.0667,78.75,47,5,0.36
143,Zadar,HR,2021-10-12 18:09:11,44.1197,15.2422,57.65,58,75,6.91
144,Porto Walter,BR,2021-10-12 18:09:11,-8.2686,-72.7439,95.65,38,52,3.36
145,Lorengau,PG,2021-10-12 18:03:46,-2.0226,147.2712,82.35,77,14,7.2
146,Paka,MY,2021-10-12 18:09:11,4.6374,103.4368,80.13,84,99,1.43
147,Zhuhai,CN,2021-10-12 18:09:12,22.2769,113.5678,75.06,83,40,35.68
148,Ballina,AU,2021-10-12 18:08:56,-28.8667,153.5667,62.78,84,93,10.63
149,Launceston,AU,2021-10-12 18:07:22,-41.45,147.1667,47.84,71,90,5.75
150,Shingu,JP,2021-10-12 18:03:47,33.7333,135.9833,72.34,93,92,5.19
151,Bethel,US,2021-10-12 18:01:20,41.3712,-73.414,74.17,70,68,4.92
152,New Norfolk,AU,2021-10-12 18:01:19,-42.7826,147.0587,47.91,69,100,1.99
153,Tuensang,IN,2021-10-12 18:08:10,26.2833,94.8333,68.67,95,15,3.47
154,Karasjok,NO,2021-10-12 18:09:12,69.4719,25.5112,41.11,87,96,15.57
155,Saskylakh,RU,2021-10-12 18:01:39,71.9167,114.0833,11.46,97,100,4.0
156,Kysyl-Syr,RU,2021-10-12 18:09:13,63.8986,122.7617,23.04,91,100,8.03
157,Castro,BR,2021-10-12 18:01:28,-24.7911,-50.0119,72.52,54,50,5.46
158,Kupang,ID,2021-10-12 18:05:29,-10.1667,123.5833,77.09,83,57,4.59
159,San Nicolas Guadalupe,MX,2021-10-12 18:09:13,19.6125,-100.0333,65.98,39,7,3.65
160,Barrow,US,2021-10-12 18:01:34,71.2906,-156.7887,30.22,80,90,19.57
161,Kamenka,RU,2021-10-12 18:09:14,51.3223,42.7678,52.83,45,99,12.44
162,Aranos,NA,2021-10-12 18:09:14,-24.1333,19.1167,78.66,13,21,9.73
163,Polyarnyy,RU,2021-10-12 18:09:14,69.1989,33.4478,39.67,89,100,9.28
164,Clyde River,CA,2021-10-12 18:01:29,70.4692,-68.5914,31.84,79,75,2.08
165,Airai,TL,2021-10-12 18:01:39,-8.9266,125.4092,61.14,75,100,1.41
166,Am Timan,TD,2021-10-12 18:09:15,11.0297,20.2827,81.72,45,66,7.63
167,Svetlogorsk,BY,2021-10-12 18:06:31,52.6333,29.7333,45.3,84,100,3.09
168,Aguimes,ES,2021-10-12 18:03:44,27.9054,-15.4461,72.23,65,40,19.57
169,Nome,US,2021-10-12 18:02:34,64.5011,-165.4064,35.67,81,90,10.36
170,Niamey,NE,2021-10-12 18:09:15,13.5137,2.1098,97.75,19,100,3.13
171,Marawi,PH,2021-10-12 18:09:15,7.9986,124.2928,68.65,82,94,4.25
172,Avera,US,2021-10-12 18:03:15,33.194,-82.5271,78.67,55,0,4.92
173,Faanui,PF,2021-10-12 18:01:58,-16.4833,-151.75,80.28,77,89,10.49
174,Khatanga,RU,2021-10-12 18:01:38,71.9667,102.5,13.3,95,100,6.53
175,Plainview,US,2021-10-12 18:09:16,40.7765,-73.4673,73.74,73,75,1.01
176,Terenos,BR,2021-10-12 18:09:16,-20.4422,-54.8603,87.51,51,75,6.91
177,Pahrump,US,2021-10-12 18:09:17,36.2083,-115.9839,57.06,29,6,5.99
178,Havelock,US,2021-10-12 18:02:17,34.8791,-76.9013,73.98,87,92,4.0
179,Mujiayingzi,CN,2021-10-12 18:09:17,42.1167,118.7833,44.94,48,1,6.69
180,The Pas,CA,2021-10-12 18:09:17,53.8251,-101.2541,39.27,70,100,10.83
181,Severo-Kurilsk,RU,2021-10-12 18:02:17,50.6789,156.125,44.56,78,19,17.63
182,Gushikawa,JP,2021-10-12 18:09:18,26.3544,127.8686,80.19,89,20,9.22
183,Yar-Sale,RU,2021-10-12 18:02:18,66.8333,70.8333,30.24,79,100,14.47
184,Dolores,AR,2021-10-12 18:09:18,-36.3132,-57.6792,64.33,85,100,10.07
185,Wattegama,LK,2021-10-12 18:03:55,6.7989,81.4808,77.45,74,98,3.89
186,Ha Tinh,VN,2021-10-12 18:09:18,18.3333,105.9,75.07,78,100,10.6
187,Saint George,US,2021-10-12 18:04:14,37.1041,-113.5841,55.63,58,40,8.01
188,Knysna,ZA,2021-10-12 18:09:19,-34.0363,23.0471,60.73,72,94,2.04
189,Ahipara,NZ,2021-10-12 18:02:07,-35.1667,173.1667,54.79,64,85,16.04
190,Doume,CM,2021-10-12 18:09:19,4.2333,13.45,70.92,91,75,1.48
191,Aripuana,BR,2021-10-12 18:09:19,-9.1667,-60.6333,98.62,32,45,1.16
192,Chateauneuf-Les-Martigues,FR,2021-10-12 18:09:20,43.3833,5.1667,66.25,41,0,25.32
193,Carman,CA,2021-10-12 18:09:20,49.4992,-98.0016,50.92,51,100,9.24
194,Nyurba,RU,2021-10-12 18:09:20,63.2842,118.3319,22.17,65,98,10.92
195,Abu Kamal,SY,2021-10-12 18:07:53,34.4506,40.9171,84.61,20,96,5.44
196,Bubaque,GW,2021-10-12 18:02:11,11.2833,-15.8333,83.1,73,95,7.2
197,Vygonichi,RU,2021-10-12 18:09:21,53.0985,34.0673,48.31,66,100,4.47
198,Gat,IL,2021-10-12 18:02:21,31.61,34.7642,81.39,58,80,7.76
199,Pochutla,MX,2021-10-12 18:09:21,15.7432,-96.4661,89.82,54,49,6.53
200,Ambulu,ID,2021-10-12 18:09:21,-8.345,113.6058,72.55,90,97,2.84
201,Thompson,CA,2021-10-12 18:01:36,55.7435,-97.8558,44.76,93,90,6.91
202,Nurota,UZ,2021-10-12 18:09:22,40.5614,65.6886,53.69,37,0,10.33
203,Passo Fundo,BR,2021-10-12 18:09:22,-28.2628,-52.4067,72.43,62,33,8.14
204,Awjilah,LY,2021-10-12 18:09:22,29.1081,21.2869,77.38,46,95,17.6
205,Ouadda,CF,2021-10-12 18:09:23,8.0777,22.4007,71.74,95,100,4.07
206,Mehamn,NO,2021-10-12 18:07:40,71.0357,27.8492,42.71,80,100,19.19
207,Tairua,NZ,2021-10-12 18:09:23,-37.0167,175.85,48.09,77,33,11.32
208,Katobu,ID,2021-10-12 18:02:04,-4.9408,122.5276,75.6,92,34,3.06
209,Vardo,NO,2021-10-12 18:03:16,70.3705,31.1107,41.2,87,75,10.36
210,Alexandria,EG,2021-10-12 18:09:23,31.2156,29.9553,77.7,63,22,11.25
211,Cabatuan,PH,2021-10-12 18:09:24,10.8794,122.486,76.55,88,100,6.62
212,Andenes,NO,2021-10-12 18:03:36,69.3143,16.1194,39.18,75,75,14.97
213,Sergeyevka,KZ,2021-10-12 18:09:24,53.88,67.4158,47.59,66,100,6.62
214,Moranbah,AU,2021-10-12 18:09:24,-22.0016,148.0466,70.9,56,1,6.24
215,Gao,ML,2021-10-12 18:02:12,16.6362,1.637,93.43,7,43,9.66
216,Otjimbingwe,NA,2021-10-12 18:09:25,-22.35,16.1333,83.91,23,0,9.1
217,Ixtapa,MX,2021-10-12 18:03:13,20.7,-105.2,88.83,55,90,2.3
218,Arman,RU,2021-10-12 18:01:50,59.7,150.1667,29.03,84,41,3.33
219,Rabat,MA,2021-10-12 18:09:26,33.9911,-6.8401,70.03,89,40,6.91
220,Santa Rosa,PH,2021-10-12 18:09:26,14.3122,121.1114,80.11,90,100,1.77
221,Kargat,RU,2021-10-12 18:09:26,55.1956,80.2811,27.9,74,60,5.97
222,Tasiilaq,GL,2021-10-12 18:01:55,65.6145,-37.6368,27.32,70,47,0.65
223,Staunton,US,2021-10-12 18:09:27,38.1496,-79.0717,76.66,56,90,1.01
224,Puerto Madryn,AR,2021-10-12 18:04:13,-42.7692,-65.0385,70.16,37,100,12.57
225,Hun,LY,2021-10-12 18:01:59,29.1268,15.9477,72.52,33,94,9.1
226,Road Town,VG,2021-10-12 18:09:27,18.4167,-64.6167,87.84,74,40,11.5
227,Jalu,LY,2021-10-12 18:01:43,29.0331,21.5482,79.18,39,83,15.64
228,Mount Gambier,AU,2021-10-12 18:04:29,-37.8333,140.7667,55.65,66,63,13.44
229,Roberval,CA,2021-10-12 18:09:28,48.5168,-72.2324,68.0,76,100,7.43
230,Barabai,ID,2021-10-12 18:09:28,-2.5833,115.3833,75.27,87,87,1.99
231,Kavieng,PG,2021-10-12 18:01:57,-2.5744,150.7967,82.9,73,94,12.15
232,Maceio,BR,2021-10-12 18:04:06,-9.6658,-35.7353,87.24,66,40,16.11
233,Portland,US,2021-10-12 17:58:01,45.5234,-122.6762,48.6,85,99,1.01
234,Orissaare,EE,2021-10-12 18:09:28,58.5592,23.0826,46.02,80,87,4.43
235,Pucara,PE,2021-10-12 18:09:29,-15.9803,-71.4606,50.13,48,99,11.65
236,Kirakira,SB,2021-10-12 18:03:27,-10.4544,161.9205,78.22,82,69,1.01
237,Port Elizabeth,ZA,2021-10-12 18:01:48,-33.918,25.5701,61.11,87,89,1.1
238,Mananara,MG,2021-10-12 18:09:29,-16.1667,49.7667,72.97,79,94,6.93
239,Llata,PE,2021-10-12 18:09:29,-9.4167,-76.7833,68.86,45,34,11.52
240,Fort Nelson,CA,2021-10-12 18:04:05,58.8053,-122.7002,36.63,79,100,1.03
241,Capiibary,PY,2021-10-12 18:09:30,-24.8,-56.0333,84.7,45,3,2.98
242,Vila Franca Do Campo,PT,2021-10-12 18:07:16,37.7167,-25.4333,73.81,76,74,5.44
243,Port Hardy,CA,2021-10-12 18:00:54,50.6996,-127.4199,44.78,87,90,8.05
244,Riyadh,SA,2021-10-12 18:00:37,24.6877,46.7219,84.16,13,0,9.84
245,Lompoc,US,2021-10-12 17:57:25,34.6391,-120.4579,69.01,30,1,7.0
246,Bumba,CD,2021-10-12 18:09:30,2.1833,22.4667,70.39,95,93,2.55
247,Menongue,AO,2021-10-12 18:04:05,-14.6585,17.691,80.22,18,44,5.88
248,Dobromir,RO,2021-10-12 18:09:31,44.0167,27.7833,54.66,94,100,10.18
249,Sitka,US,2021-10-12 17:57:44,57.0531,-135.33,42.39,97,98,9.26
250,Tinskoy,RU,2021-10-12 18:09:31,56.1525,96.9161,27.52,94,100,4.68
251,Gayeri,BF,2021-10-12 18:09:31,12.6497,0.4931,95.18,23,74,2.91
252,Ketchikan,US,2021-10-12 18:00:57,55.3422,-131.6461,45.66,85,97,7.63
253,Farmington,US,2021-10-12 18:05:30,36.7281,-108.2187,48.88,42,75,18.41
254,Ocean City,US,2021-10-12 18:09:32,39.2776,-74.5746,71.19,81,100,11.99
255,Spirit River,CA,2021-10-12 18:09:32,55.7833,-118.8361,39.74,39,85,10.89
256,Warrnambool,AU,2021-10-12 18:09:33,-38.3833,142.4833,53.82,70,45,19.53
257,Khovu-Aksy,RU,2021-10-12 18:09:33,51.1333,93.6,29.3,84,99,2.3
258,Lagoa,PT,2021-10-12 18:09:33,39.05,-27.9833,69.44,66,2,7.96
259,Plock,PL,2021-10-12 18:09:33,52.5468,19.7064,44.56,83,96,6.91
260,Ostrovnoy,RU,2021-10-12 18:01:31,68.0531,39.5131,43.63,85,99,21.94
261,Popondetta,PG,2021-10-12 18:09:34,-8.7537,148.2534,73.17,97,84,2.73
262,Tazovskiy,RU,2021-10-12 18:09:34,67.4667,78.7,24.73,87,22,9.06
263,Goedereede,NL,2021-10-12 18:09:34,51.8175,3.9806,55.0,71,54,17.85
264,Cururupu,BR,2021-10-12 18:09:35,-1.8283,-44.8683,88.86,50,39,8.1
265,Ancud,CL,2021-10-12 18:02:42,-41.8697,-73.8203,63.43,68,13,8.75
266,Aldergrove,CA,2021-10-12 18:09:35,49.058,-122.4709,48.58,90,99,1.7
267,Beihai,CN,2021-10-12 18:09:35,21.4833,109.1,70.99,70,77,29.24
268,Narsaq,GL,2021-10-12 18:02:32,60.9167,-46.05,41.22,57,15,2.28
269,Kuusamo,FI,2021-10-12 18:09:36,65.9667,29.1833,39.24,93,90,4.61
270,Baherden,TM,2021-10-12 18:03:57,38.4362,57.4316,58.08,20,0,8.25
271,Apen,DE,2021-10-12 18:09:36,53.2167,7.8,49.32,92,56,7.16
272,Kualakapuas,ID,2021-10-12 18:07:20,-3.0091,114.3876,77.16,90,98,2.28
273,Vytegra,RU,2021-10-12 18:09:36,61.0064,36.4481,45.55,73,100,9.17
274,Batagay,RU,2021-10-12 18:09:37,67.6333,134.6333,21.49,84,100,0.65
275,Klaksvik,FO,2021-10-12 18:01:52,62.2266,-6.589,45.52,79,100,12.21
276,Namibe,AO,2021-10-12 18:02:44,-15.1961,12.1522,69.94,88,22,3.71
277,Zyryanka,RU,2021-10-12 18:01:37,65.75,150.85,20.68,90,100,7.09
278,Cidreira,BR,2021-10-12 18:02:36,-30.1811,-50.2056,69.31,83,25,20.04
279,Srednekolymsk,RU,2021-10-12 18:06:47,67.45,153.6833,12.79,91,100,2.17
280,Olafsvik,IS,2021-10-12 18:02:11,64.8945,-23.7142,44.28,95,100,15.66
281,Nanakuli,US,2021-10-12 18:09:37,21.3906,-158.1547,80.55,83,90,8.05
282,Dikson,RU,2021-10-12 18:02:04,73.5069,80.5464,30.38,81,63,16.96
283,Mahon,ES,2021-10-12 18:09:38,39.8885,4.2658,64.96,77,20,4.61
284,San Policarpo,PH,2021-10-12 18:09:38,12.1791,125.5072,80.76,79,100,12.19
285,Fort-Shevchenko,KZ,2021-10-12 18:01:32,44.5086,50.263,60.87,37,12,20.09
286,Shihezi,CN,2021-10-12 18:09:38,44.3,86.0333,42.24,88,100,17.05
287,Okato,NZ,2021-10-12 18:09:39,-39.2,173.8833,46.78,84,78,11.39
288,Pula,HR,2021-10-12 18:09:39,44.8683,13.8481,58.06,54,0,6.91
289,Chimbote,PE,2021-10-12 18:09:39,-9.0853,-78.5783,68.67,74,76,12.35
290,Mount Darwin,ZW,2021-10-12 18:09:40,-16.7725,31.5838,69.71,26,0,5.3
291,Andros Town,BS,2021-10-12 18:03:04,24.7,-77.7667,83.8,61,73,8.7
292,Butaritari,KI,2021-10-12 18:01:37,3.0707,172.7902,80.65,70,81,7.52
293,Bonavista,CA,2021-10-12 18:05:56,48.6499,-53.1147,49.12,95,100,23.58
294,Henties Bay,NA,2021-10-12 18:05:00,-22.116,14.2845,58.86,88,21,3.27
295,Palana,RU,2021-10-12 18:09:40,59.1167,159.9667,30.52,98,100,12.8
296,Melfi,IT,2021-10-12 18:09:41,40.9965,15.6514,53.4,75,98,3.65
297,Touros,BR,2021-10-12 18:05:59,-5.1989,-35.4608,85.1,59,25,15.84
298,Todos Santos,MX,2021-10-12 18:05:04,23.45,-110.2167,83.01,81,78,6.51
299,Isangel,VU,2021-10-12 18:02:17,-19.55,169.2667,74.08,82,82,5.82
300,Sochi,RU,2021-10-12 18:09:41,43.6,39.7303,57.29,68,34,5.75
301,Keflavik,IS,2021-10-12 18:03:39,64.0049,-22.5624,48.52,100,90,25.32
302,Sobolevo,RU,2021-10-12 18:07:21,54.4299,31.8996,44.85,73,100,5.91
303,Mezokovesd,HU,2021-10-12 18:09:42,47.8167,20.5833,49.28,66,99,4.61
304,Kanzaki,JP,2021-10-12 18:09:42,33.3,130.3667,77.18,54,82,4.16
305,Hasaki,JP,2021-10-12 18:01:35,35.7333,140.8333,66.6,86,100,20.98
306,Suletea,RO,2021-10-12 18:09:42,46.2833,27.9,47.43,69,100,8.99
307,Altay,CN,2021-10-12 18:09:43,47.8667,88.1167,32.0,67,50,6.2
308,Asau,RO,2021-10-12 18:05:58,46.4333,26.4,46.76,91,100,2.42
309,Caravelas,BR,2021-10-12 18:09:43,-17.7125,-39.2481,71.22,83,93,15.43
310,Yevlax,AZ,2021-10-12 18:09:43,40.6089,47.1492,53.82,64,21,3.47
311,Salinopolis,BR,2021-10-12 18:09:43,-0.6136,-47.3561,85.41,65,58,13.91
312,Venado Tuerto,AR,2021-10-12 18:09:44,-33.7456,-61.9688,77.79,28,78,6.55
313,Fairbanks,US,2021-10-12 18:01:56,64.8378,-147.7164,31.82,81,100,2.28
314,Darnah,LY,2021-10-12 18:09:44,32.767,22.6367,72.34,60,12,20.04
315,San Cristobal,VE,2021-10-12 18:04:33,7.7669,-72.225,86.18,63,90,8.25
316,Conceicao Da Barra,BR,2021-10-12 18:09:45,-18.5933,-39.7322,73.22,77,96,8.46
317,Alta Floresta,BR,2021-10-12 17:59:58,-9.8756,-56.0861,89.42,62,40,5.75
318,Southampton,GB,2021-10-12 18:05:28,50.904,-1.4043,59.81,81,40,1.01
319,Bagdarin,RU,2021-10-12 18:09:45,54.4333,113.6,34.3,95,100,3.27
320,Porvoo,FI,2021-10-12 18:09:45,60.3923,25.6651,45.1,95,96,2.95
321,Khasan,RU,2021-10-12 18:02:58,42.4308,130.6434,50.79,68,0,3.87
322,Sao Filipe,CV,2021-10-12 18:04:53,14.8961,-24.4956,79.5,72,11,4.83
323,Peniche,PT,2021-10-12 18:09:46,39.3558,-9.3811,74.68,56,1,6.89
324,Kalmunai,LK,2021-10-12 18:09:18,7.4167,81.8167,80.85,73,100,2.91
325,Laguna,US,2021-10-12 18:09:46,38.421,-121.4238,65.05,25,1,8.01
326,Abidjan,CI,2021-10-12 18:09:47,5.3094,-4.0197,75.16,100,75,1.14
327,Soe,ID,2021-10-12 18:09:47,-9.8607,124.284,66.29,78,87,3.33
328,Young,UY,2021-10-12 18:09:47,-32.6833,-57.6333,72.23,59,85,3.2
329,Linares,CL,2021-10-12 18:09:48,-35.85,-71.6,68.94,42,34,8.1
330,Mount Isa,AU,2021-10-12 18:00:46,-20.7333,139.5,71.37,64,16,8.05
331,Sept-Iles,CA,2021-10-12 18:05:05,50.2001,-66.3821,58.05,82,98,3.0
332,Pangnirtung,CA,2021-10-12 18:02:05,66.1451,-65.7125,41.86,61,52,4.34
333,Celestun,MX,2021-10-12 18:09:48,20.8667,-90.4,89.19,59,7,8.59
334,Akdepe,TM,2021-10-12 18:09:49,42.0551,59.3788,53.69,27,1,12.77
335,Tabory,RU,2021-10-12 18:09:49,58.5198,64.5495,43.97,97,100,4.25
336,Ust-Tsilma,RU,2021-10-12 18:09:49,65.441,52.1498,39.13,89,90,7.16
337,Porto Torres,IT,2021-10-12 18:09:49,40.835,8.3972,62.78,68,50,4.68
338,Nemuro,JP,2021-10-12 18:07:06,43.3236,145.575,53.94,72,7,7.29
339,Cueramaro,MX,2021-10-12 18:09:50,20.6167,-101.7167,74.62,50,13,3.44
340,Tongliao,CN,2021-10-12 18:09:50,43.6125,122.2653,47.01,58,11,8.37
341,Zhurivka,UA,2021-10-12 18:09:51,50.5028,31.7849,49.98,71,100,5.84
342,Sankt Florian,AT,2021-10-12 18:09:51,48.2057,14.3784,49.59,87,75,10.36
343,Filadelfia,US,2021-10-12 18:05:09,39.9523,-75.1638,70.81,82,90,3.0
344,Kruisfontein,ZA,2021-10-12 18:02:14,-34.0033,24.7314,58.89,83,98,1.74
345,Beloha,MG,2021-10-12 18:01:41,-25.1667,45.05,66.6,75,0,15.5
346,Potosi,BO,2021-10-12 18:09:51,-19.5836,-65.7531,65.59,12,30,2.08
347,Waipawa,NZ,2021-10-12 18:02:20,-41.4122,175.5153,41.94,72,96,18.32
348,Kiunga,PG,2021-10-12 18:09:52,-6.1219,141.2906,73.87,97,89,2.48
349,Obo,CF,2021-10-12 18:09:52,5.3998,26.4869,69.51,91,90,3.24
350,Saltpond,GH,2021-10-12 18:09:52,5.2091,-1.0606,79.36,88,36,13.0
351,Santarem,BR,2021-10-12 18:03:42,-2.4431,-54.7083,89.73,51,20,8.05
352,Saint-Joseph,RE,2021-10-12 18:09:53,-21.3667,55.6167,71.98,90,52,2.95
353,Yaan,NG,2021-10-12 18:03:20,7.3833,8.5667,79.97,80,99,5.86
354,Pundaguitan,PH,2021-10-12 18:09:53,6.3711,126.1689,84.13,75,100,4.38
355,Vestmannaeyjar,IS,2021-10-12 18:03:24,63.4427,-20.2734,47.39,100,90,23.02
356,Acarau,BR,2021-10-12 18:09:53,-2.8856,-40.12,86.04,60,51,21.5
357,Port Blair,IN,2021-10-12 18:04:19,11.6667,92.75,81.23,84,100,16.73
358,Kununurra,AU,2021-10-12 18:06:14,-15.7667,128.7333,76.98,88,45,6.91
359,Inhambane,MZ,2021-10-12 18:02:52,-23.865,35.3833,69.78,73,0,3.44
360,Ankazobe,MG,2021-10-12 18:09:54,-18.3167,47.1167,63.01,80,18,6.17
361,Gawler,AU,2021-10-12 18:09:54,-34.6,138.7333,58.24,84,94,5.99
362,Tiksi,RU,2021-10-12 18:01:54,71.6872,128.8694,20.53,94,98,9.86
363,Marang,MY,2021-10-12 18:06:56,5.2056,103.2059,80.17,82,100,1.5
364,Kathu,TH,2021-10-12 18:09:55,7.9178,98.3332,82.69,99,100,15.46
365,Nancha,CN,2021-10-12 18:09:55,47.1333,129.2667,42.06,78,8,1.66
366,Valdivia,CL,2021-10-12 18:08:22,-39.8142,-73.2459,66.29,50,7,6.76
367,Oistins,BB,2021-10-12 18:09:55,13.0667,-59.5333,86.09,70,40,12.66
368,Elat,IL,2021-10-12 18:09:56,29.5581,34.9482,91.24,33,20,0.0
369,Tall Kayf,TR,2021-10-12 18:09:56,37.0833,41.0667,75.54,14,40,6.91
370,Mushie,CD,2021-10-12 18:09:56,-3.0167,16.9,77.95,77,99,1.81
371,Carballo,ES,2021-10-12 18:09:57,43.213,-8.691,69.49,78,6,2.13
372,Qaqortoq,GL,2021-10-12 18:02:57,60.7167,-46.0333,41.5,57,6,3.06
373,Zyryanskoye,RU,2021-10-12 18:09:57,56.8306,86.6258,28.53,55,94,2.8
374,Tucurui,BR,2021-10-12 18:05:11,-3.7661,-49.6725,100.96,29,33,1.54
375,Nouadhibou,MR,2021-10-12 18:07:20,20.931,-17.0347,69.24,85,19,22.41
376,Alyangula,AU,2021-10-12 18:09:57,-13.8483,136.4192,79.41,78,20,5.79
377,Tulsipur,NP,2021-10-12 18:09:58,28.131,82.2973,72.07,85,13,3.85
378,Virginia Beach,US,2021-10-12 18:00:29,36.8529,-75.978,74.01,91,100,3.0
379,Cognac,FR,2021-10-12 18:09:58,45.5,-0.25,60.91,51,0,6.91
380,Port-Gentil,GA,2021-10-12 18:00:12,-0.7193,8.7815,79.77,85,74,7.4
381,Leningradskiy,RU,2021-10-12 18:02:42,69.3833,178.4167,20.41,96,100,5.77
382,Kodino,RU,2021-10-12 18:09:59,63.7198,39.6447,40.53,80,5,9.31
383,Pachino,IT,2021-10-12 18:09:59,36.7186,15.0907,66.6,66,3,11.63
384,Dolinsk,RU,2021-10-12 18:09:59,47.35,142.8,42.04,71,0,8.16
385,Novi Iskar,BG,2021-10-12 18:10:00,42.8,23.35,48.61,95,90,12.66
386,Zaysan,KZ,2021-10-12 18:10:00,47.4667,84.8667,37.33,85,100,4.83
387,Halifax,CA,2021-10-12 18:09:52,44.6453,-63.5724,72.68,66,93,1.99
388,Novokuznetsk,RU,2021-10-12 18:10:00,53.7557,87.1099,30.27,92,100,3.53
389,San Juan,AR,2021-10-12 18:10:01,-31.5375,-68.5364,85.05,21,70,9.06
390,Manokwari,ID,2021-10-12 18:10:02,-0.8667,134.0833,78.44,82,19,4.23
391,At-Bashi,KG,2021-10-12 18:10:02,41.1702,75.8106,32.59,37,0,3.58
392,Motema,SL,2021-10-12 18:10:03,8.6,-11.0333,74.66,94,68,1.3
393,Alofi,NU,2021-10-12 18:02:00,-19.0595,-169.9187,74.43,60,0,12.08
394,Apatzingan,MX,2021-10-12 18:10:04,19.0833,-102.35,88.29,66,68,2.19
395,Narsipatnam,IN,2021-10-12 18:10:04,17.6667,82.6167,81.81,89,100,2.24
396,Los Llanos De Aridane,ES,2021-10-12 18:01:44,28.6585,-17.9182,69.55,89,20,5.75
397,Terrace Bay,CA,2021-10-12 18:10:05,48.7834,-87.1,58.75,87,100,12.75
398,Dunedin,NZ,2021-10-12 17:59:34,-45.8742,170.5036,44.8,74,100,23.0
399,Hartford,US,2021-10-12 18:05:06,41.7668,-72.7662,75.45,69,1,1.01
400,Bilma,NE,2021-10-12 18:07:55,18.6853,12.9164,88.45,8,31,3.76
401,Kahului,US,2021-10-12 18:02:52,20.8947,-156.47,79.84,91,75,11.99
402,Sukhobezvodnoye,RU,2021-10-12 18:10:06,57.0491,44.8891,42.1,69,22,5.68
403,Ewa Beach,US,2021-10-12 18:10:07,21.3156,-158.0072,80.55,76,40,15.99
404,San Quintin,MX,2021-10-12 18:04:21,30.4833,-115.95,66.65,42,0,17.2
405,Ler,SS,2021-10-12 18:10:07,8.3018,30.1418,72.64,94,100,1.79
406,Wonthaggi,AU,2021-10-12 18:10:08,-38.6044,145.5913,54.37,76,100,8.34
407,Erdenet,MN,2021-10-12 18:10:08,49.0333,104.0833,34.63,59,12,4.52
408,Saldanha,ZA,2021-10-12 18:00:04,-33.0117,17.9442,60.4,93,99,16.08
409,Millbrook,US,2021-10-12 18:10:09,32.4799,-86.3619,84.27,66,20,4.61
410,Abay,KZ,2021-10-12 18:10:09,49.6311,72.8539,26.98,48,16,6.04
411,Longyearbyen,SJ,2021-10-12 18:02:14,78.2186,15.6401,28.24,80,75,10.36
412,Yerbogachen,RU,2021-10-12 18:02:01,61.2767,108.0108,17.85,79,11,3.78
413,Burnie,AU,2021-10-12 18:06:19,-41.0667,145.9167,48.94,66,100,13.42
414,Hervey Bay,AU,2021-10-12 17:59:16,-25.2986,152.8535,68.11,89,7,10.29
415,Lleida,ES,2021-10-12 18:10:10,41.6167,0.6167,68.68,62,0,2.3
416,Kenai,US,2021-10-12 18:02:10,60.5544,-151.2583,38.08,92,63,5.57
417,Ipoti,NG,2021-10-12 18:10:11,7.8738,5.0769,76.26,76,67,2.82
418,Maningrida,AU,2021-10-12 18:01:24,-12.0667,134.2667,78.4,80,7,2.59
419,Ayan,RU,2021-10-12 18:07:11,56.45,138.1667,38.75,60,84,11.95
420,Hailar,CN,2021-10-12 18:10:11,49.2,119.7,44.67,43,100,13.11
421,Okaihau,NZ,2021-10-12 18:10:12,-35.3167,173.7833,45.52,93,91,4.99
422,Goryachegorsk,RU,2021-10-12 18:10:12,55.4053,88.9154,20.82,94,99,3.09
423,Najran,SA,2021-10-12 18:01:51,17.4924,44.1277,74.62,13,6,5.26
424,Kodarma,IN,2021-10-12 18:10:12,24.4667,85.6,74.16,77,59,3.33
425,Cayenne,GF,2021-10-12 18:00:05,4.9333,-52.3333,89.64,79,20,8.01
426,Valparaiso,CL,2021-10-12 18:01:59,-33.0393,-71.6273,62.24,65,75,13.8
427,Dukat,RU,2021-10-12 18:06:45,62.55,155.55,11.05,98,100,4.38
428,Saint-Pierre,RE,2021-10-12 18:02:52,-21.3393,55.4781,73.08,94,90,3.44
429,Mwinilunga,ZM,2021-10-12 18:02:29,-11.7358,24.4293,73.53,28,85,4.83
430,Shediac,CA,2021-10-12 18:10:13,46.2198,-64.5411,68.36,70,88,6.51
431,Poum,NC,2021-10-12 18:02:39,-20.2333,164.0167,75.94,88,99,8.46
432,Tura,IN,2021-10-12 18:10:14,25.5198,90.2201,74.19,89,44,4.34
433,Marysville,US,2021-10-12 18:07:24,48.0518,-122.1771,48.52,88,75,4.0
434,Haines Junction,CA,2021-10-12 18:06:46,60.7522,-137.5108,34.18,89,100,3.29
435,Lagos,NG,2021-10-12 18:07:31,6.5833,3.75,78.55,90,58,2.82
436,San Jeronimo,PE,2021-10-12 18:10:14,-11.9472,-75.2829,68.7,29,23,2.93
437,Kaitangata,NZ,2021-10-12 18:01:39,-46.2817,169.8464,43.92,73,100,16.51
438,Pitimbu,BR,2021-10-12 18:05:34,-7.4706,-34.8086,86.59,60,45,11.21
439,Kanniyakumari,IN,2021-10-12 18:10:15,8.0833,77.5667,79.81,78,100,18.45
440,Port Hawkesbury,CA,2021-10-12 18:06:48,45.6169,-61.3485,67.17,77,30,5.99
441,Jiaonan,CN,2021-10-12 18:10:15,35.8786,119.9753,57.49,77,0,7.27
442,Saint-Francois,FR,2021-10-12 18:10:15,46.4154,3.9054,49.44,81,20,3.44
443,Lang Suan,TH,2021-10-12 18:10:16,9.9456,99.0785,76.5,92,100,6.67
444,Hambantota,LK,2021-10-12 18:02:03,6.1241,81.1185,79.95,81,85,17.69
445,Bosaso,SO,2021-10-12 18:10:16,11.2842,49.1816,83.93,61,72,2.68
446,Catuday,PH,2021-10-12 18:10:16,16.2923,119.8062,77.74,88,100,18.63
447,Oranjemund,NA,2021-10-12 18:10:17,-28.55,16.4333,60.69,76,62,4.99
448,Salta,AR,2021-10-12 18:10:17,-24.7859,-65.4117,82.58,47,36,4.0
449,Nouakchott,MR,2021-10-12 18:05:26,18.0858,-15.9785,80.53,65,50,15.68
450,Lyubim,RU,2021-10-12 18:10:17,58.3625,40.6843,42.15,77,100,5.48
451,Marsa Matruh,EG,2021-10-12 18:10:18,31.3525,27.2453,74.61,76,3,11.14
452,Namatanai,PG,2021-10-12 18:04:03,-3.6667,152.4333,79.65,79,51,7.27
453,Pagudpud,PH,2021-10-12 18:10:18,18.5616,120.7868,81.0,78,100,0.6
454,Steamboat Springs,US,2021-10-12 18:10:18,40.485,-106.8317,52.47,58,75,0.0
455,Gogrial,SS,2021-10-12 18:10:19,8.5332,28.1004,74.07,91,100,3.89
456,Kulunda,RU,2021-10-12 18:10:19,52.566,78.9385,34.02,61,99,11.27
457,Huarmey,PE,2021-10-12 18:02:07,-10.0681,-78.1522,68.76,73,70,12.1
458,Laizhou,CN,2021-10-12 18:10:19,37.1717,119.9214,55.13,84,0,3.58
459,Moradabad,IN,2021-10-12 18:10:20,28.8333,78.7833,75.67,44,0,7.02
460,Belvidere,US,2021-10-12 18:09:50,42.2639,-88.8443,63.28,58,55,13.56
461,Sistranda,NO,2021-10-12 18:10:20,63.7256,8.834,43.9,68,100,20.2
462,Kutum,SD,2021-10-12 18:03:56,14.2,24.6667,84.78,35,74,8.86
463,Buala,SB,2021-10-12 18:10:20,-8.145,159.5921,79.29,80,92,1.88
464,Bembibre,ES,2021-10-12 18:10:21,42.6177,-6.4155,65.64,35,11,1.99
465,Erenhot,CN,2021-10-12 18:02:15,43.6475,111.9767,52.61,57,100,15.88
466,Pullman,US,2021-10-12 18:10:21,46.7313,-117.1796,48.99,47,1,1.01
467,Santa Marta,CO,2021-10-12 18:10:21,11.2408,-74.199,85.55,72,42,6.06
468,Monrovia,LR,2021-10-12 18:02:22,6.3005,-10.7969,78.57,82,94,7.02
469,Lahij,YE,2021-10-12 18:10:22,13.1667,44.5833,82.78,68,62,4.21
470,Idlib,SY,2021-10-12 18:10:17,35.9306,36.6339,67.39,49,7,6.26
471,Wencheng,CN,2021-10-12 18:10:22,33.0559,113.7978,56.01,73,3,6.15
472,Iqaluit,CA,2021-10-12 18:01:38,63.7506,-68.5145,35.33,93,90,17.0
473,Miastko,PL,2021-10-12 18:10:22,54.0028,16.9826,43.45,87,100,4.56
474,Kavaratti,IN,2021-10-12 18:01:18,10.5669,72.642,82.33,80,100,20.56
475,Peruibe,BR,2021-10-12 18:10:23,-24.32,-46.9983,72.97,84,53,7.11
476,San Carlos De Bariloche,AR,2021-10-12 18:10:23,-41.1456,-71.3082,65.95,13,0,20.71
477,Trairi,BR,2021-10-12 18:06:21,-3.2778,-39.2689,86.27,57,97,15.55
478,Anloga,GH,2021-10-12 18:10:23,5.7947,0.8973,81.45,82,21,10.63
479,Labuhan,ID,2021-10-12 18:10:24,-6.8844,112.2051,78.13,76,89,10.92
480,Yertarskiy,RU,2021-10-12 18:10:24,56.7902,64.2995,45.36,87,100,4.99
481,Sola,VU,2021-10-12 18:01:19,-13.8833,167.55,79.56,80,61,9.98
482,Campo Verde,BR,2021-10-12 18:10:24,-20.4167,-54.0667,87.01,40,3,5.21
483,Naze,JP,2021-10-12 18:03:33,28.3667,129.4833,77.13,79,81,15.37
484,Kyra,RU,2021-10-12 18:03:51,49.5776,111.9753,36.93,62,100,3.85
485,Westport,US,2021-10-12 18:00:48,41.1415,-73.3579,74.89,71,63,1.01
486,Sitges,ES,2021-10-12 18:10:25,41.2351,1.8119,70.34,58,15,3.31
487,Rio Gallegos,AR,2021-10-12 18:10:25,-51.6226,-69.2181,62.65,20,75,16.11
488,Gwembe,ZM,2021-10-12 18:10:26,-16.4975,27.6069,68.72,38,0,2.15
489,Valleyview,CA,2021-10-12 18:10:26,55.0667,-117.2859,41.94,38,68,13.73
490,Zabol,AF,2021-10-12 18:10:26,32.25,67.25,51.4,13,0,7.83
491,Moose Factory,CA,2021-10-12 18:10:26,51.2585,-80.6094,63.23,83,100,3.15
492,Tayu,ID,2021-10-12 18:10:27,-6.5397,111.0518,77.32,74,76,7.85
493,Waingapu,ID,2021-10-12 18:10:27,-9.6567,120.2641,76.91,69,43,4.14
494,Guatire,VE,2021-10-12 18:10:27,10.4762,-66.5427,90.1,65,62,2.35
495,Bandundu,CD,2021-10-12 18:10:28,-3.3167,17.3667,80.55,71,99,0.81
496,Seoul,KR,2021-10-12 18:10:28,37.5683,126.9778,60.31,64,59,4.59
497,Nassjo,SE,2021-10-12 18:10:28,57.6531,14.6968,40.12,81,65,7.31
498,Muros,ES,2021-10-12 18:02:51,42.7762,-9.0603,68.85,59,2,3.78
499,Arys,KZ,2021-10-12 18:01:56,42.4252,68.795,52.02,42,0,11.63
500,Isiro,CD,2021-10-12 18:10:29,2.7739,27.616,66.15,99,72,2.55
501,Yantal,RU,2021-10-12 18:10:29,56.8471,105.2542,22.68,55,100,2.98
502,Port Augusta,AU,2021-10-12 18:06:05,-32.5,137.7667,53.74,83,65,3.89
503,Kandrian,PG,2021-10-12 18:10:29,-6.2167,149.55,77.4,89,88,3.49
504,Hualmay,PE,2021-10-12 18:07:56,-11.0964,-77.6139,67.1,73,57,11.61
505,Velasco Ibarra,EC,2021-10-12 18:10:30,-1.05,-79.6167,90.12,45,82,1.28
506,Krasnyy Chikoy,RU,2021-10-12 18:10:30,50.3643,108.7512,33.42,79,56,1.83
507,Callaway,US,2021-10-12 18:10:30,30.153,-85.5699,86.92,60,1,3.0
508,Benghazi,LY,2021-10-12 18:10:31,32.1167,20.0667,73.87,55,31,9.44
509,Oranjestad,AW,2021-10-12 18:10:31,12.524,-70.027,93.15,55,20,17.27
510,Kaele,CM,2021-10-12 18:10:31,10.1092,14.4508,87.22,21,100,4.05
511,Miraflores,MX,2021-10-12 18:10:32,19.2167,-98.8083,74.16,32,1,5.03
512,Pacific Grove,US,2021-10-12 18:04:08,36.6177,-121.9166,65.77,48,1,5.01
513,Sioux Lookout,CA,2021-10-12 18:10:32,50.1001,-91.917,53.98,52,51,5.44
514,Hermiston,US,2021-10-12 18:10:32,45.8404,-119.2895,52.47,54,1,5.75
515,Det Udom,TH,2021-10-12 18:10:33,14.906,105.0784,72.3,88,99,7.7
516,Mmabatho,ZA,2021-10-12 18:10:33,-25.85,25.6333,72.3,14,15,7.27
517,Batagay-Alyta,RU,2021-10-12 18:03:00,67.8006,130.4114,21.24,96,100,4.88
518,Puerto Del Rosario,ES,2021-10-12 18:10:33,28.5004,-13.8627,76.68,69,40,14.97
519,Udachnyy,RU,2021-10-12 18:02:34,66.4167,112.4,16.29,94,100,20.98
520,Jiwani,PK,2021-10-12 18:10:34,25.05,61.7417,82.0,47,0,5.5
521,Iskateley,RU,2021-10-12 18:03:58,67.6803,53.1512,39.04,93,100,11.16
522,Syamzha,RU,2021-10-12 18:10:34,60.0158,41.0614,42.53,77,100,6.44
523,Chake Chake,TZ,2021-10-12 18:10:34,-5.2459,39.7666,75.52,85,91,8.81
524,Villaviciosa,ES,2021-10-12 18:10:35,43.4813,-5.4357,62.01,77,0,7.54
525,Progreso,MX,2021-10-12 18:10:35,21.2833,-89.6667,93.11,60,7,13.27
526,Xam Nua,LA,2021-10-12 18:04:17,20.4197,104.0439,61.68,98,54,0.76
527,Rawson,AR,2021-10-12 17:59:07,-43.3002,-65.1023,72.43,31,100,17.09
528,Arraias,BR,2021-10-12 18:10:35,-12.9288,-46.9437,86.2,40,91,2.8
529,Pafos,CY,2021-10-12 18:10:36,34.7667,32.4167,78.71,73,47,14.97
530,Pavlovskiy,RU,2021-10-12 18:10:36,57.8424,54.8436,46.53,90,99,5.41
531,Maloy,NO,2021-10-12 18:03:30,61.9353,5.1136,44.44,86,99,1.01
532,Swellendam,ZA,2021-10-12 18:03:43,-34.0226,20.4417,63.0,61,98,5.14
533,Ambon,ID,2021-10-12 18:10:36,-3.6954,128.1814,80.82,81,72,2.51
534,Deputatskiy,RU,2021-10-12 18:10:37,69.3,139.9,20.91,97,100,3.31
535,Oyotun,PE,2021-10-12 18:10:37,-6.8519,-79.3036,69.39,56,37,8.41
536,Fairmont,US,2021-10-12 18:10:37,39.4851,-80.1426,79.39,67,5,5.99
537,Tarauaca,BR,2021-10-12 18:03:11,-8.1614,-70.7656,99.46,33,30,2.93
538,Lasa,IT,2021-10-12 18:03:00,46.6166,10.7002,47.62,95,97,5.61
539,Araouane,ML,2021-10-12 18:10:38,18.9048,-3.5265,92.91,9,100,3.96
540,Khash,IR,2021-10-12 18:10:38,28.2211,61.2158,57.13,14,0,5.77
541,Lavrentiya,RU,2021-10-12 18:01:42,65.5833,-171.0,29.03,87,100,11.18
542,San Lawrenz,MT,2021-10-12 18:10:38,36.0553,14.204,67.86,71,2,1.99
543,Guanica,PR,2021-10-12 18:10:39,17.9716,-66.908,90.5,73,54,8.99
544,Sao Jose Da Coroa Grande,BR,2021-10-12 18:10:39,-8.8978,-35.1478,81.7,62,34,12.44
545,Balancan,MX,2021-10-12 18:10:39,17.8,-91.5333,90.37,64,74,6.2
546,Nova Russas,BR,2021-10-12 18:10:39,-4.7067,-40.5631,100.26,22,69,7.38
547,Roma,US,2021-10-12 18:08:47,43.2128,-75.4557,78.85,61,1,9.22
548,Qarqin,AF,2021-10-12 18:10:40,37.4185,66.0436,57.97,24,0,5.75
549,Skelleftea,SE,2021-10-12 18:10:40,64.7507,20.9528,37.76,68,67,4.61
550,Half Moon Bay,US,2021-10-12 18:04:32,37.4636,-122.4286,65.77,31,1,4.0
551,Basco,PH,2021-10-12 18:06:17,20.4487,121.9702,83.55,87,100,22.37
552,Evensk,RU,2021-10-12 18:10:41,61.95,159.2333,25.59,70,100,4.76
553,Pozo Colorado,PY,2021-10-12 18:10:41,-23.4923,-58.7972,94.93,31,0,7.02
554,Broken Hill,AU,2021-10-12 18:10:41,-31.95,141.4333,56.23,30,0,10.65
555,Atasu,KZ,2021-10-12 18:10:41,48.6814,71.6433,35.4,47,0,2.75
556,Te Anau,NZ,2021-10-12 18:06:36,-45.4167,167.7167,36.52,96,96,4.94
557,Barcelos,PT,2021-10-12 18:10:42,41.5388,-8.6151,75.85,51,0,3.62
558,Ranong,TH,2021-10-12 18:10:42,9.9658,98.6348,78.21,89,100,8.84
559,Bereda,ES,2021-10-12 18:02:12,43.2686,-7.5406,65.95,90,5,4.45
560,Pisco,PE,2021-10-12 18:01:58,-13.7,-76.2167,65.01,81,43,8.01
561,Katherine,AU,2021-10-12 18:10:43,-14.4667,132.2667,80.92,69,69,4.61
562,Mersing,MY,2021-10-12 18:06:24,2.4312,103.8405,80.24,81,99,6.06
563,Bestobe,KZ,2021-10-12 18:10:43,52.4994,73.0975,44.19,63,100,14.58
564,Chase,CA,2021-10-12 18:10:43,50.8165,-119.6857,46.44,64,100,4.54
565,Dubbo,AU,2021-10-12 18:06:28,-32.25,148.6167,55.53,82,90,14.97
566,Chicama,PE,2021-10-12 18:10:44,-7.8447,-79.1469,61.34,61,55,11.99
567,San Vicente,AR,2021-10-12 18:10:44,-26.6167,-54.1333,81.41,31,0,3.83
568,Tabas,IR,2021-10-12 18:02:54,33.5959,56.9244,65.48,9,0,4.43
569,Jianhu,CN,2021-10-12 18:10:44,29.9799,120.5712,73.92,97,100,3.36
570,Brigantine,US,2021-10-12 17:58:45,39.4101,-74.3646,71.2,85,100,13.87
571,Barguzin,RU,2021-10-12 18:10:45,53.6167,109.6167,37.81,93,100,4.14
